,acc,prec,fone
0,0.9564593301435407,0.9562144336321823,0.952826362099404
