,acc,prec,fone
0,0.9775843307943417,0.9767960741467132,0.9752410005897894
