,acc,prec,fone
0,0.8672467022172327,0.8673173439327351,0.8650823443883887
