,acc,prec,fone
0,0.8717373000280663,0.8832606542045164,0.8731850904810845
