{
    "acc": 0.7815126050420168,
    "prec": 0.5107573179633147,
    "rec": 0.5467491889462164,
    "f1": 0.5079510370781017,
    "conf_empty": {
        "tnr": 0.621875,
        "tpr": 0.9710252600297177,
        "fnr": 0.02897473997028232,
        "fpr": 0.378125
    },
    "keras_metrics": {}
}