{
    "acc": 0.9017480409885473,
    "prec": 0.9129584595662449,
    "rec": 0.7944947755091714,
    "f1": 0.8417597250895925,
    "conf_empty": {
        "tnr": 0.8422619047619048,
        "tpr": 0.9795918367346939,
        "fnr": 0.02040816326530612,
        "fpr": 0.15773809523809523
    },
    "keras_metrics": {}
}