{
    "iteration 1": {
        "acc": 0.7130071599045346,
        "prec": 0.338872561567915,
        "rec": 0.2877868970370246,
        "f1": 0.30325805470780864,
        "conf_empty": {
            "tnr": 0.5292397660818714,
            "tpr": 0.9550224887556222,
            "fnr": 0.044977511244377814,
            "fpr": 0.47076023391812866
        },
        "keras_metrics": {}
    },
    "iteration 2": {
        "acc": 0.7082338902147971,
        "prec": 0.45580879934825635,
        "rec": 0.4516329646395134,
        "f1": 0.4098075481489576,
        "conf_empty": {
            "tnr": 0.5292397660818714,
            "tpr": 0.9385307346326837,
            "fnr": 0.06146926536731634,
            "fpr": 0.47076023391812866
        },
        "keras_metrics": {}
    },
    "batch_sizes": [
        128,
        128,
        128,
        128,
        128,
        128,
        128,
        128,
        128,
        128,
        256,
        256,
        256,
        256,
        256,
        512,
        512,
        512,
        512,
        512,
        512,
        512,
        512,
        512,
        512,
        512,
        512,
        512,
        512,
        512,
        512,
        512,
        512,
        512,
        461
    ]
}