{
    "iteration 1": {
        "acc": 0.5405727923627685,
        "prec": 0.20614911022732846,
        "rec": 0.21201371812093017,
        "f1": 0.17475930202955733,
        "conf_empty": {
            "tnr": 0.29239766081871343,
            "tpr": 0.9767616191904048,
            "fnr": 0.023238380809595203,
            "fpr": 0.7076023391812866
        },
        "keras_metrics": {}
    },
    "batch_sizes": [
        16,
        16,
        16
    ]
}