{
    "acc": 0.8840772818121253,
    "prec": 0.8025732120692655,
    "rec": 0.8502117710811783,
    "f1": 0.8206914948572217,
    "conf_empty": {
        "tnr": 0.7756410256410257,
        "tpr": 0.9857022708158116,
        "fnr": 0.014297729184188394,
        "fpr": 0.22435897435897437
    },
    "keras_metrics": {}
}