{
    "acc": 0.8843967150979154,
    "prec": 0.869295009617693,
    "rec": 0.7694201742279487,
    "f1": 0.812167083286727,
    "conf_empty": {
        "tnr": 0.8962536023054755,
        "tpr": 0.9635922330097088,
        "fnr": 0.03640776699029126,
        "fpr": 0.1037463976945245
    },
    "keras_metrics": {}
}