{
    "iteration 1": {
        "acc": 0.5035799522673031,
        "prec": 0.19011455865127375,
        "rec": 0.2292542858287271,
        "f1": 0.17889668664325767,
        "conf_empty": {
            "tnr": 0.5292397660818714,
            "tpr": 0.8545727136431784,
            "fnr": 0.1454272863568216,
            "fpr": 0.47076023391812866
        },
        "keras_metrics": {}
    },
    "iteration 2": {
        "acc": 0.6569212410501193,
        "prec": 0.2788428730229051,
        "rec": 0.23978568838932007,
        "f1": 0.23785916454746914,
        "conf_empty": {
            "tnr": 0.5175438596491229,
            "tpr": 0.9182908545727136,
            "fnr": 0.08170914542728636,
            "fpr": 0.4824561403508772
        },
        "keras_metrics": {}
    },
    "iteration 3": {
        "acc": 0.6437947494033412,
        "prec": 0.25837186640459026,
        "rec": 0.2326353810940944,
        "f1": 0.2279458946485652,
        "conf_empty": {
            "tnr": 0.4239766081871345,
            "tpr": 0.9707646176911544,
            "fnr": 0.02923538230884558,
            "fpr": 0.5760233918128655
        },
        "keras_metrics": {}
    },
    "batch_sizes": [
        16,
        16,
        16,
        16
    ]
}