{
    "acc": 0.8641896220371557,
    "prec": 0.7099671438052934,
    "rec": 0.653841727210873,
    "f1": 0.678435744784003,
    "conf_empty": {
        "tnr": 0.5862068965517241,
        "tpr": 0.9967362924281984,
        "fnr": 0.0032637075718015664,
        "fpr": 0.41379310344827586
    },
    "keras_metrics": {}
}