{
    "acc": 0.7777112043139605,
    "prec": 0.5286769628526444,
    "rec": 0.5149794925230261,
    "f1": 0.5072121790798158,
    "conf_empty": {
        "tnr": 0.5151515151515151,
        "tpr": 0.9843166542195668,
        "fnr": 0.01568334578043316,
        "fpr": 0.48484848484848486
    },
    "keras_metrics": {}
}