{
    "iteration 1": {
        "acc": 0.6473747016706444,
        "prec": 0.2618812294222167,
        "rec": 0.1773020005363977,
        "f1": 0.1676379755447906,
        "conf_empty": {
            "tnr": 0.26608187134502925,
            "tpr": 0.9655172413793104,
            "fnr": 0.034482758620689655,
            "fpr": 0.7339181286549707
        },
        "keras_metrics": {}
    },
    "iteration 2": {
        "acc": 0.6408114558472554,
        "prec": 0.492424568773433,
        "rec": 0.20840685901951078,
        "f1": 0.19229242951507786,
        "conf_empty": {
            "tnr": 0.07894736842105263,
            "tpr": 0.9970014992503748,
            "fnr": 0.0029985007496251873,
            "fpr": 0.9210526315789473
        },
        "keras_metrics": {}
    },
    "iteration 3": {
        "acc": 0.7052505966587113,
        "prec": 0.507744074967541,
        "rec": 0.29947788071558423,
        "f1": 0.3116596014726926,
        "conf_empty": {
            "tnr": 0.5789473684210527,
            "tpr": 0.9437781109445277,
            "fnr": 0.05622188905547226,
            "fpr": 0.42105263157894735
        },
        "keras_metrics": {}
    },
    "batch_sizes": [
        16,
        16,
        16,
        16
    ]
}