{
    "iteration 1": {
        "acc": 0.6235083532219571,
        "prec": 0.20893303139302827,
        "rec": 0.1430340240405523,
        "f1": 0.1303221523425959,
        "conf_empty": {
            "tnr": 0.1111111111111111,
            "tpr": 0.9977511244377811,
            "fnr": 0.0022488755622188904,
            "fpr": 0.8888888888888888
        },
        "keras_metrics": {}
    },
    "iteration 2": {
        "acc": 0.6163484486873508,
        "prec": 0.3153488352200262,
        "rec": 0.22614645441129427,
        "f1": 0.2466315640147833,
        "conf_empty": {
            "tnr": 0.34502923976608185,
            "tpr": 0.9767616191904048,
            "fnr": 0.023238380809595203,
            "fpr": 0.6549707602339181
        },
        "keras_metrics": {}
    },
    "iteration 3": {
        "acc": 0.6736276849642004,
        "prec": 0.3207252192804606,
        "rec": 0.2869257055667136,
        "f1": 0.27817038263486304,
        "conf_empty": {
            "tnr": 0.25146198830409355,
            "tpr": 0.992503748125937,
            "fnr": 0.0074962518740629685,
            "fpr": 0.7485380116959064
        },
        "keras_metrics": {}
    },
    "batch_sizes": [
        16,
        16,
        16,
        16
    ]
}