{
    "acc": 0.852017937219731,
    "prec": 0.7405355228923655,
    "rec": 0.598475198660722,
    "f1": 0.651777940550355,
    "conf_empty": {
        "tnr": 0.4482758620689655,
        "tpr": 0.9986945169712794,
        "fnr": 0.0013054830287206266,
        "fpr": 0.5517241379310345
    },
    "keras_metrics": {}
}