{
    "iteration 1": {
        "acc": 0.7058472553699284,
        "prec": 0.3214436611354641,
        "rec": 0.21404119279639666,
        "f1": 0.22561146092149764,
        "conf_empty": {
            "tnr": 0.5175438596491229,
            "tpr": 0.9700149925037481,
            "fnr": 0.029985007496251874,
            "fpr": 0.4824561403508772
        },
        "keras_metrics": {}
    },
    "iteration 2": {
        "acc": 0.7130071599045346,
        "prec": 0.3542838791306454,
        "rec": 0.32989763226605695,
        "f1": 0.3339150038930808,
        "conf_empty": {
            "tnr": 0.4619883040935672,
            "tpr": 0.9775112443778111,
            "fnr": 0.022488755622188907,
            "fpr": 0.5380116959064327
        },
        "keras_metrics": {}
    },
    "iteration 3": {
        "acc": 0.7237470167064439,
        "prec": 0.5293059550962773,
        "rec": 0.479916493386651,
        "f1": 0.48977887578030666,
        "conf_empty": {
            "tnr": 0.3684210526315789,
            "tpr": 0.987256371814093,
            "fnr": 0.012743628185907047,
            "fpr": 0.631578947368421
        },
        "keras_metrics": {}
    },
    "iteration 4": {
        "acc": 0.7505966587112172,
        "prec": 0.45448265685303424,
        "rec": 0.48629834530029964,
        "f1": 0.405245695065711,
        "conf_empty": {
            "tnr": 0.49707602339181284,
            "tpr": 0.9707646176911544,
            "fnr": 0.02923538230884558,
            "fpr": 0.5029239766081871
        },
        "keras_metrics": {}
    },
    "iteration 5": {
        "acc": 0.7667064439140812,
        "prec": 0.4840088148936451,
        "rec": 0.48534722783180984,
        "f1": 0.4647604221254325,
        "conf_empty": {
            "tnr": 0.5292397660818714,
            "tpr": 0.9775112443778111,
            "fnr": 0.022488755622188907,
            "fpr": 0.47076023391812866
        },
        "keras_metrics": {}
    },
    "iteration 6": {
        "acc": 0.7750596658711217,
        "prec": 0.42088315347494093,
        "rec": 0.4953906810670346,
        "f1": 0.42747983751860696,
        "conf_empty": {
            "tnr": 0.631578947368421,
            "tpr": 0.9647676161919041,
            "fnr": 0.03523238380809595,
            "fpr": 0.3684210526315789
        },
        "keras_metrics": {}
    },
    "iteration 7": {
        "acc": 0.7434367541766109,
        "prec": 0.43341196441324026,
        "rec": 0.4570728636221759,
        "f1": 0.37407751947356643,
        "conf_empty": {
            "tnr": 0.4444444444444444,
            "tpr": 0.9880059970014993,
            "fnr": 0.01199400299850075,
            "fpr": 0.5555555555555556
        },
        "keras_metrics": {}
    },
    "iteration 8": {
        "acc": 0.7362768496420048,
        "prec": 0.5682799373882761,
        "rec": 0.46752402153737843,
        "f1": 0.49109157297422784,
        "conf_empty": {
            "tnr": 0.3888888888888889,
            "tpr": 0.9902548725637181,
            "fnr": 0.009745127436281859,
            "fpr": 0.6111111111111112
        },
        "keras_metrics": {}
    },
    "iteration 9": {
        "acc": 0.7541766109785203,
        "prec": 0.37661277348777344,
        "rec": 0.470849590105562,
        "f1": 0.3763623474713763,
        "conf_empty": {
            "tnr": 0.6432748538011696,
            "tpr": 0.9587706146926537,
            "fnr": 0.04122938530734633,
            "fpr": 0.3567251461988304
        },
        "keras_metrics": {}
    },
    "iteration 10": {
        "acc": 0.7332935560859188,
        "prec": 0.4110961839494297,
        "rec": 0.4391433177173952,
        "f1": 0.3492928338571398,
        "conf_empty": {
            "tnr": 0.40058479532163743,
            "tpr": 0.9850074962518741,
            "fnr": 0.014992503748125937,
            "fpr": 0.5994152046783626
        },
        "keras_metrics": {}
    },
    "iteration 11": {
        "acc": 0.7881861575178998,
        "prec": 0.4894772981125132,
        "rec": 0.4827948900770025,
        "f1": 0.4415685240873677,
        "conf_empty": {
            "tnr": 0.6169590643274854,
            "tpr": 0.9692653673163418,
            "fnr": 0.03073463268365817,
            "fpr": 0.3830409356725146
        },
        "keras_metrics": {}
    },
    "iteration 12": {
        "acc": 0.7846062052505967,
        "prec": 0.45500701004676825,
        "rec": 0.49976018443550974,
        "f1": 0.4331770141460659,
        "conf_empty": {
            "tnr": 0.5994152046783626,
            "tpr": 0.9767616191904048,
            "fnr": 0.023238380809595203,
            "fpr": 0.40058479532163743
        },
        "keras_metrics": {}
    },
    "iteration 13": {
        "acc": 0.720763723150358,
        "prec": 0.46467205775504117,
        "rec": 0.4552116208544773,
        "f1": 0.35992760208290697,
        "conf_empty": {
            "tnr": 0.4619883040935672,
            "tpr": 0.9655172413793104,
            "fnr": 0.034482758620689655,
            "fpr": 0.5380116959064327
        },
        "keras_metrics": {}
    },
    "iteration 14": {
        "acc": 0.7565632458233891,
        "prec": 0.41179673175328635,
        "rec": 0.46383532208642464,
        "f1": 0.389315976208196,
        "conf_empty": {
            "tnr": 0.5175438596491229,
            "tpr": 0.9617691154422788,
            "fnr": 0.03823088455772114,
            "fpr": 0.4824561403508772
        },
        "keras_metrics": {}
    },
    "iteration 15": {
        "acc": 0.7708830548926014,
        "prec": 0.4381656537906538,
        "rec": 0.36586001186844525,
        "f1": 0.3893189654552739,
        "conf_empty": {
            "tnr": 0.6432748538011696,
            "tpr": 0.9550224887556222,
            "fnr": 0.044977511244377814,
            "fpr": 0.3567251461988304
        },
        "keras_metrics": {}
    },
    "iteration 16": {
        "acc": 0.779236276849642,
        "prec": 0.4439351332528915,
        "rec": 0.3470643951061462,
        "f1": 0.37514008292728007,
        "conf_empty": {
            "tnr": 0.6169590643274854,
            "tpr": 0.9692653673163418,
            "fnr": 0.03073463268365817,
            "fpr": 0.3830409356725146
        },
        "keras_metrics": {}
    },
    "iteration 17": {
        "acc": 0.7595465393794749,
        "prec": 0.5720457502914355,
        "rec": 0.4863621278250633,
        "f1": 0.5094083231280675,
        "conf_empty": {
            "tnr": 0.47953216374269003,
            "tpr": 0.9715142428785607,
            "fnr": 0.02848575712143928,
            "fpr": 0.52046783625731
        },
        "keras_metrics": {}
    },
    "iteration 18": {
        "acc": 0.8031026252983293,
        "prec": 0.47192683965313276,
        "rec": 0.5038214679337171,
        "f1": 0.4553646290249075,
        "conf_empty": {
            "tnr": 0.7076023391812866,
            "tpr": 0.95952023988006,
            "fnr": 0.04047976011994003,
            "fpr": 0.29239766081871343
        },
        "keras_metrics": {}
    },
    "iteration 19": {
        "acc": 0.7971360381861575,
        "prec": 0.4489002054604896,
        "rec": 0.5138660120102049,
        "f1": 0.455035147414136,
        "conf_empty": {
            "tnr": 0.7923976608187134,
            "tpr": 0.9430284857571214,
            "fnr": 0.05697151424287856,
            "fpr": 0.20760233918128654
        },
        "keras_metrics": {}
    },
    "iteration 20": {
        "acc": 0.7923627684964201,
        "prec": 0.5981768901769966,
        "rec": 0.4968633044425442,
        "f1": 0.5255095623583198,
        "conf_empty": {
            "tnr": 0.6140350877192983,
            "tpr": 0.9640179910044977,
            "fnr": 0.035982008995502246,
            "fpr": 0.38596491228070173
        },
        "keras_metrics": {}
    },
    "iteration 21": {
        "acc": 0.7905727923627685,
        "prec": 0.5955700097210421,
        "rec": 0.5037995117339997,
        "f1": 0.5238674021574179,