{
    "iteration_0": {
        "acc": 0.8833467417538214,
        "prec": 0.8066598817398856,
        "rec": 0.8397211893393419,
        "f1": 0.8165600943162331,
        "conf_empty": {
            "tnr": 0.759656652360515,
            "tpr": 0.9841584158415841,
            "fnr": 0.015841584158415842,
            "fpr": 0.24034334763948498
        },
        "keras_metrics": {},
        "model_backbone": "xception",
        "finetune_layers": 0,
        "md_conf": 0.1
    },
    "iteration_1": {
        "acc": 0.8913917940466614,
        "prec": 0.839296640629422,
        "rec": 0.8266558850404576,
        "f1": 0.8227236101714869,
        "conf_empty": {
            "tnr": 0.8969957081545065,
            "tpr": 0.9623762376237623,
            "fnr": 0.03762376237623762,
            "fpr": 0.10300429184549356
        },
        "keras_metrics": {},
        "model_backbone": "xception",
        "finetune_layers": 0,
        "md_conf": 0.5
    },
    "iteration_2": {
        "acc": 0.8841512469831054,
        "prec": 0.879064517245141,
        "rec": 0.7958776530362444,
        "f1": 0.8290888716653693,
        "conf_empty": {
            "tnr": 0.9227467811158798,
            "tpr": 0.9485148514851485,
            "fnr": 0.05148514851485148,
            "fpr": 0.07725321888412018
        },
        "keras_metrics": {},
        "model_backbone": "xception",
        "finetune_layers": 0,
        "md_conf": 0.9
    },
    "iteration_3": {
        "acc": 0.8688656476267096,
        "prec": 0.8191231221229444,
        "rec": 0.8116769102058146,
        "f1": 0.8055737768306023,
        "conf_empty": {
            "tnr": 0.7553648068669528,
            "tpr": 0.9871287128712871,
            "fnr": 0.01287128712871287,
            "fpr": 0.2446351931330472
        },
        "keras_metrics": {},
        "model_backbone": "xception",
        "finetune_layers": 0.25,
        "md_conf": 0.1
    },
    "iteration_4": {
        "acc": 0.8881737731295254,
        "prec": 0.8098015848032221,
        "rec": 0.8032656403350937,
        "f1": 0.7992535336137303,
        "conf_empty": {
            "tnr": 0.8669527896995708,
            "tpr": 0.9732673267326732,
            "fnr": 0.026732673267326732,
            "fpr": 0.13304721030042918
        },
        "keras_metrics": {},
        "model_backbone": "xception",
        "finetune_layers": 0.25,
        "md_conf": 0.5
    },
    "iteration_5": {
        "acc": 0.8873692679002414,
        "prec": 0.8210663704377849,
        "rec": 0.7919819513398213,
        "f1": 0.795559713253475,
        "conf_empty": {
            "tnr": 0.927038626609442,
            "tpr": 0.9475247524752475,
            "fnr": 0.05247524752475247,
            "fpr": 0.07296137339055794
        },
        "keras_metrics": {},
        "model_backbone": "xception",
        "finetune_layers": 0.25,
        "md_conf": 0.9
    },
    "iteration_6": {
        "acc": 0.8833467417538214,
        "prec": 0.7997305228162029,
        "rec": 0.835528553587815,
        "f1": 0.804810039491868,
        "conf_empty": {
            "tnr": 0.7682403433476395,
            "tpr": 0.9861386138613861,
            "fnr": 0.013861386138613862,
            "fpr": 0.2317596566523605
        },
        "keras_metrics": {},
        "model_backbone": "xception",
        "finetune_layers": 0.5,
        "md_conf": 0.1
    },
    "iteration_7": {
        "acc": 0.8809332260659695,
        "prec": 0.7953290636321777,
        "rec": 0.7943537804291155,
        "f1": 0.7854372604512363,
        "conf_empty": {
            "tnr": 0.8884120171673819,
            "tpr": 0.9673267326732673,
            "fnr": 0.032673267326732675,
            "fpr": 0.11158798283261803
        },
        "keras_metrics": {},
        "model_backbone": "xception",
        "finetune_layers": 0.5,
        "md_conf": 0.5
    },
    "iteration_8": {
        "acc": 0.8833467417538214,
        "prec": 0.764435481468716,
        "rec": 0.7326120503896063,
        "f1": 0.7374008466159595,
        "conf_empty": {
            "tnr": 0.927038626609442,
            "tpr": 0.9475247524752475,
            "fnr": 0.05247524752475247,
            "fpr": 0.07296137339055794
        },
        "keras_metrics": {},
        "model_backbone": "xception",
        "finetune_layers": 0.5,
        "md_conf": 0.9
    },
    "iteration_9": {
        "acc": 0.8423169750603379,
        "prec": 0.7872110528360527,
        "rec": 0.757120511560057,
        "f1": 0.7679426424379255,
        "conf_empty": {
            "tnr": 0.7167381974248928,
            "tpr": 0.9871287128712871,
            "fnr": 0.01287128712871287,
            "fpr": 0.2832618025751073
        },
        "keras_metrics": {},
        "model_backbone": "densenet121",
        "finetune_layers": 0,
        "md_conf": 0.1
    },
    "iteration_10": {
        "acc": 0.8648431214802896,
        "prec": 0.8170475913197897,
        "rec": 0.763926341303373,
        "f1": 0.7847255171173072,
        "conf_empty": {
            "tnr": 0.8454935622317596,
            "tpr": 0.9702970297029703,
            "fnr": 0.0297029702970297,
            "fpr": 0.15450643776824036
        },
        "keras_metrics": {},
        "model_backbone": "densenet121",
        "finetune_layers": 0,
        "md_conf": 0.5
    },
    "iteration_11": {
        "acc": 0.8455349959774738,
        "prec": 0.7983439815004647,
        "rec": 0.6650703442124218,
        "f1": 0.7125995984269315,
        "conf_empty": {
            "tnr": 0.9141630901287554,
            "tpr": 0.9455445544554455,
            "fnr": 0.054455445544554455,
            "fpr": 0.08583690987124463
        },
        "keras_metrics": {},
        "model_backbone": "densenet121",
        "finetune_layers": 0,
        "md_conf": 0.9
    },
    "iteration_12": {
        "acc": 0.8455349959774738,
        "prec": 0.7987361009916955,
        "rec": 0.6939375589076681,
        "f1": 0.7326815387818221,
        "conf_empty": {
            "tnr": 0.7124463519313304,
            "tpr": 0.9841584158415841,
            "fnr": 0.015841584158415842,
            "fpr": 0.2875536480686695
        },
        "keras_metrics": {},
        "model_backbone": "densenet121",
        "finetune_layers": 0.25,
        "md_conf": 0.1
    },
    "iteration_13": {
        "acc": 0.8728881737731295,
        "prec": 0.7833918398924188,
        "rec": 0.7829472516869884,
        "f1": 0.7753256817532639,
        "conf_empty": {
            "tnr": 0.8755364806866953,
            "tpr": 0.9683168316831683,
            "fnr": 0.031683168316831684,
            "fpr": 0.12446351931330472
        },
        "keras_metrics": {},
        "model_backbone": "densenet121",
        "finetune_layers": 0.25,
        "md_conf": 0.5
    },
    "iteration_14": {
        "acc": 0.8616251005631537,
        "prec": 0.8198540038206146,
        "rec": 0.7582787744225278,
        "f1": 0.7837077567611833,
        "conf_empty": {
            "tnr": 0.9184549356223176,
            "tpr": 0.9455445544554455,
            "fnr": 0.054455445544554455,
            "fpr": 0.0815450643776824
        },
        "keras_metrics": {},
        "model_backbone": "densenet121",
        "finetune_layers": 0.25,
        "md_conf": 0.9
    }
}