{
    "iteration_0": {
        "acc": 0.8809332260659695,
        "prec": 0.7961263623967304,
        "rec": 0.8190547180647325,
        "f1": 0.8013136088958558,
        "conf_empty": {
            "tnr": 0.7811158798283262,
            "tpr": 0.9841584158415841,
            "fnr": 0.015841584158415842,
            "fpr": 0.21888412017167383
        },
        "keras_metrics": {}
    },
    "iteration_1": {
        "acc": 0.8913917940466614,
        "prec": 0.8669610736805641,
        "rec": 0.8330145883871667,
        "f1": 0.8477583098580497,
        "conf_empty": {
            "tnr": 0.9055793991416309,
            "tpr": 0.9673267326732673,
            "fnr": 0.032673267326732675,
            "fpr": 0.0944206008583691
        },
        "keras_metrics": {}
    },
    "iteration_2": {
        "acc": 0.8905872888173774,
        "prec": 0.8193132806993707,
        "rec": 0.8023311396374347,
        "f1": 0.8010909850591124,
        "conf_empty": {
            "tnr": 0.9356223175965666,
            "tpr": 0.9524752475247524,
            "fnr": 0.047524752475247525,
            "fpr": 0.06437768240343347
        },
        "keras_metrics": {}
    },
    "iteration_3": {
        "acc": 0.8761061946902655,
        "prec": 0.7800638265346098,
        "rec": 0.8070154186420913,
        "f1": 0.7806600379052981,
        "conf_empty": {
            "tnr": 0.7854077253218884,
            "tpr": 0.9891089108910891,
            "fnr": 0.01089108910891089,
            "fpr": 0.2145922746781116
        },
        "keras_metrics": {}
    }
}