{
    "iteration 1": {
        "acq_true_labels": {
            "10703_I_00286a.JPG": 6.0,
            "24781_I_00232b.JPG": 7.0,
            "1868_01040898.JPG": 6.0,
            "10040_I_00099a.JPG": 6.0,
            "12726_I_00117c.JPG": 6.0,
            "12964_I_00074a.JPG": 7.0,
            "21160_I_00049a.JPG": 6.0,
            "23747_I_00292b.JPG": 7.0,
            "24781_11120556.JPG": 0.0,
            "25215_11180990.JPG": 0.0,
            "27711_12020995.JPG": 0.0,
            "27854_11100158.JPG": 0.0,
            "29357_12060111.JPG": 0.0,
            "45939_I_00303a.JPG": 6.0,
            "53420_I_00122b.JPG": 6.0,
            "53720_I_00258b.JPG": 6.0
        }
    },
    "iteration 2": {
        "acq_predictions": {
            "30562_I_00225c.JPG": [
                0.04564,
                2e-05,
                2e-05,
                2e-05,
                4e-05,
                3e-05,
                0.05557,
                0.11156
            ],
            "46029_I_00374c.JPG": [
                0.00416,
                0.0,
                0.0,
                0.0,
                0.0,
                0.0,
                0.01989,
                0.97584
            ],
            "46193_I_00264c.JPG": [
                0.23611,
                0.00012,
                6e-05,
                6e-05,
                4e-05,
                7e-05,
                0.00548,
                0.75736
            ],
            "51658_01190405.JPG": [
                0.068,
                0.00222,
                0.00128,
                0.00235,
                0.00186,
                0.00163,
                0.03452,
                0.29875
            ],
            "52067_12040927.JPG": [
                0.71089,
                0.00144,
                0.00218,
                0.00203,
                0.00141,
                0.00163,
                0.00849,
                0.27182
            ],
            "52466_02060760.JPG": [
                0.01439,
                0.0,
                0.0,
                0.0,
                0.0,
                0.0,
                0.62555,
                0.01495
            ],
            "52528_12010639.JPG": [
                0.31024,
                0.00011,
                4e-05,
                5e-05,
                0.0001,
                5e-05,
                0.01064,
                0.67808
            ],
            "53155_01130357.JPG": [
                0.48635,
                2e-05,
                2e-05,
                2e-05,
                3e-05,
                2e-05,
                0.00478,
                0.50865
            ],
            "53821_I_00085a.JPG": [
                0.02619,
                2e-05,
                0.0,
                1e-05,
                1e-05,
                1e-05,
                0.00178,
                0.97186
            ],
            "54533_I_00070c.JPG": [
                0.14355,
                0.00363,
                0.00228,
                0.00209,
                0.00273,
                0.00172,
                0.0657,
                0.77819
            ],
            "58968_I_00091c.JPG": [
                0.18054,
                0.00122,
                0.00076,
                0.00055,
                0.00074,
                0.00086,
                0.04015,
                0.71248
            ],
            "59638_I_00057c.JPG": [
                0.5767,
                0.00139,
                0.00168,
                0.00132,
                0.0014,
                0.0012,
                0.23591,
                0.1803
            ],
            "59739_I_00175a.JPG": [
                0.06209,
                5e-05,
                3e-05,
                3e-05,
                4e-05,
                4e-05,
                0.00709,
                0.10194
            ],
            "59797_I_00147c.JPG": [
                0.14411,
                1e-05,
                1e-05,
                1e-05,
                2e-05,
                1e-05,
                0.00112,
                0.85461
            ],
            "60004_I_00415c.JPG": [
                0.82254,
                0.00299,
                0.00285,
                0.00212,
                0.0027,
                0.00164,
                0.06162,
                0.10344
            ],
            "90297_10110051.JPG": [
                0.09062,
                0.00404,
                0.00379,
                0.00326,
                0.00489,
                0.00329,
                0.00847,
                0.15404
            ]
        },
        "acq_true_labels": {
            "54533_I_00070c.JPG": 6.0,
            "58968_I_00091c.JPG": 0.0,
            "59797_I_00147c.JPG": 6.0,
            "30562_I_00225c.JPG": 2.0,
            "46029_I_00374c.JPG": 7.0,
            "46193_I_00264c.JPG": 6.0,
            "51658_01190405.JPG": 0.0,
            "52067_12040927.JPG": 2.0,
            "52466_02060760.JPG": 4.0,
            "52528_12010639.JPG": 2.0,
            "53155_01130357.JPG": 4.0,
            "53821_I_00085a.JPG": 6.0,
            "59638_I_00057c.JPG": 6.0,
            "59739_I_00175a.JPG": 2.0,
            "60004_I_00415c.JPG": 6.0,
            "90297_10110051.JPG": 6.0
        }
    },
    "iteration 3": {
        "acq_predictions": {
            "23504_I_00140b.JPG": [
                0.00077,
                0.0,
                0.00162,
                0.0,
                0.0056,
                0.0,
                0.11563,
                8e-05
            ],
            "23915_I_00313a.JPG": [
                0.17762,
                6e-05,
                0.10485,
                3e-05,
                0.17606,
                6e-05,
                0.41342,
                0.00839
            ],
            "24282_I_00375b.JPG": [
                0.00971,
                0.0,
                0.02198,
                0.0,
                0.00224,
                0.0,
                0.85259,
                0.00269
            ],
            "24388_11050163.JPG": [
                0.54231,
                0.00525,
                0.13931,
                0.00332,
                0.03509,
                0.00477,
                0.07444,
                0.19542
            ],
            "24477_I_00130b.JPG": [
                0.1094,
                0.00047,
                0.08256,
                0.00022,
                0.00922,
                0.00026,
                0.60618,
                0.19159
            ],
            "24691_11100466.JPG": [
                0.70073,
                0.00024,
                0.03491,
                0.00018,
                0.13795,
                0.00015,
                0.03227,
                0.09346
            ],
            "24856_I_00015a.JPG": [
                0.0633,
                0.0,
                0.00182,
                0.0,
                0.06298,
                0.0,
                0.01305,
                0.00145
            ],
            "24918_I_00338c.JPG": [
                0.51042,
                0.00556,
                0.18002,
                0.00573,
                0.03451,
                0.00701,
                0.20555,
                0.05111
            ],
            "25074_I_00287a.JPG": [
                0.44698,
                0.00713,
                0.29653,
                0.00606,
                0.03509,
                0.00618,
                0.13321,
                0.06872
            ],
            "25303_01090353.JPG": [
                0.09062,
                0.0,
                0.14645,
                0.0,
                0.01072,
                0.0,
                0.37261,
                0.06601
            ],