{
    "iteration 1": {
        "acq_true_labels": {
            "45729_I_00108c.JPG": 6.0,
            "12904_I_00020b.JPG": 6.0,
            "20173_11120527.JPG": 0.0,
            "23016_10180789.JPG": 6.0,
            "23568_I_00399c.JPG": 2.0,
            "24113_I_00193b.JPG": 6.0,
            "24134_I_00444c.JPG": 6.0,
            "25552_11220328.JPG": 0.0,
            "29911_I_00245b.JPG": 1.0,
            "30009_I_00011a.JPG": 6.0,
            "30020_I_00197a.JPG": 6.0,
            "51969_01290670.JPG": 0.0,
            "52078_02060765.JPG": 4.0,
            "52408_12010833.JPG": 6.0,
            "59077_I_00173a.JPG": 6.0,
            "59373_I_00127a.JPG": 7.0
        }
    },
    "iteration 2": {
        "acq_predictions": {
            "29913_I_00228c.JPG": [
                0.03298,
                0.00014,
                0.00595,
                6e-05,
                0.03714,
                8e-05,
                0.92356,
                9e-05
            ],
            "29986_I_00026a.JPG": [
                0.078,
                0.00025,
                0.00361,
                0.00024,
                0.03924,
                0.00025,
                0.87811,
                0.00029
            ],
            "30425_I_00084a.JPG": [
                0.14723,
                0.00147,
                0.01276,
                0.00072,
                0.04092,
                0.00098,
                0.79485,
                0.00107
            ],
            "43854_01220301.JPG": [
                0.29464,
                0.02445,
                0.09072,
                0.02581,
                0.1269,
                0.02473,
                0.39235,
                0.02041
            ],
            "46259_I_00045c.JPG": [
                0.17888,
                0.00902,
                0.11554,
                0.00374,
                0.12701,
                0.00517,
                0.55429,
                0.00637
            ],
            "50842_I_00124c.JPG": [
                0.30056,
                0.00268,
                0.00672,
                0.00185,
                0.52846,
                0.00206,
                0.15498,
                0.00268
            ],
            "50911_I_00052a.JPG": [
                0.55426,
                0.00962,
                0.01366,
                0.00439,
                0.08629,
                0.00399,
                0.32242,
                0.00537
            ],
            "52209_02020717.JPG": [
                0.16467,
                0.00084,
                0.01307,
                0.0005,
                0.09207,
                0.00058,
                0.72747,
                0.00079
            ],
            "53713_I_00284a.JPG": [
                0.00013,
                0.0,
                3e-05,
                0.0,
                0.00119,
                0.0,
                0.99865,
                0.0
            ],
            "53869_I_00009b.JPG": [
                0.31326,
                0.00236,
                0.01228,
                0.00168,
                0.06334,
                0.00132,
                0.60253,
                0.00321
            ],
            "59082_I_00308a.JPG": [
                0.52323,
                0.0061,
                0.05306,
                0.00765,
                0.04201,
                0.00839,
                0.35243,
                0.00713
            ],
            "59961_I_00316c.JPG": [
                0.2026,
                0.00135,
                0.0222,
                0.00037,
                0.20924,
                0.00069,
                0.56208,
                0.00147
            ],
            "59983_I_00404a.JPG": [
                0.28002,
                0.01457,
                0.04581,
                0.00798,
                0.0817,
                0.00937,
                0.55076,
                0.00978
            ],
            "60025_I_00327a.JPG": [
                0.13681,
                0.00052,
                0.0075,
                0.00048,
                0.39093,
                0.00076,
                0.46235,
                0.00066
            ],
            "60309_I_00038a.JPG": [
                0.12509,
                0.00077,
                0.00538,
                0.00029,
                0.01075,
                0.00045,
                0.85683,
                0.00043
            ],
            "90508_01140262.JPG": [
                0.40871,
                0.00292,
                0.02948,
                0.00427,
                0.05941,
                0.00449,
                0.48521,
                0.00551
            ]
        },
        "acq_true_labels": {
            "29986_I_00026a.JPG": 6.0,
            "52209_02020717.JPG": 0.0,
            "29913_I_00228c.JPG": 1.0,
            "30425_I_00084a.JPG": 6.0,
            "43854_01220301.JPG": 7.0,
            "46259_I_00045c.JPG": 7.0,
            "50842_I_00124c.JPG": 6.0,
            "50911_I_00052a.JPG": 6.0,
            "53713_I_00284a.JPG": 0.0,
            "53869_I_00009b.JPG": 6.0,
            "59082_I_00308a.JPG": 7.0,
            "59961_I_00316c.JPG": 7.0,
            "59983_I_00404a.JPG": 6.0,
            "60025_I_00327a.JPG": 6.0,
            "60309_I_00038a.JPG": 6.0,
            "90508_01140262.JPG": 7.0
        }
    },
    "iteration 3": {
        "acq_predictions": {
            "23798_10290572.JPG": [
                0.07569,
                0.01441,
                0.01108,
                0.00365,
                0.0038,
                0.00337,
                0.69746,
                0.19055
            ],
            "23805_I_00344c.JPG": [
                0.19389,
                0.07166,
                0.04779,
                0.02197,
                0.03063,
                0.02047,
                0.32813,
                0.28546
            ],
            "23987_I_00046c.JPG": [
                0.00153,
                0.00065,
                0.00037,
                1e-05,
                2e-05,
                4e-05,
                0.97344,
                0.02393
            ],
            "24512_I_00469b.JPG": [
                0.05351,
                0.00948,
                0.01037,
                0.0019,
                0.00231,
                0.00241,
                0.72788,
                0.19214
            ],
            "24575_I_00158a.JPG": [
                0.03632,
                0.02106,
                0.02619,
                0.01042,
                0.01036,
                0.01085,
                0.80881,
                0.07599
            ],
            "24616_I_00226a.JPG": [
                0.1703,
                0.01891,
                0.06074,
                0.01684,
                0.01524,
                0.01713,
                0.64436,
                0.05647
            ],
            "24834_11130609.JPG": [
                0.03288,
                0.00211,
                0.00404,
                0.0002,
                0.0001,
                0.00013,
                0.67909,
                0.28145
            ],
            "25059_I_00250b.JPG": [
                0.12792,
                0.00495,
                0.02051,
                0.00568,
                0.00413,
                0.00542,
                0.78957,
                0.04181
            ],
            "25579_11230355.JPG": [
                0.01031,
                0.00025,
                0.00041,
                0.0,
                1e-05,
                0.0,
                0.98297,
                0.00605
            ],
            "25687_12010958.JPG": [
                0.00856,
                0.00177,
                0.00203,
                7e-05,
                3e-05,
                7e-05,
                0.06199,
                0.92548
            ],