{
    "iteration 1": {
        "acq_true_labels": {
            "1557_11140574.JPG": 7.0,
            "2678_I_00039c.JPG": 6.0,
            "2683_I_00038b.JPG": 6.0,
            "10799_I_00236a.JPG": 7.0,
            "19426_12220989.JPG": 6.0,
            "22149_10090921.JPG": 6.0,
            "23814_I_00151b.JPG": 2.0,
            "26211_11300918.JPG": 0.0,
            "27812_11270794.JPG": 0.0,
            "30413_I_00234c.JPG": 1.0,
            "44901_12210230.JPG": 7.0,
            "46205_I_00207a.JPG": 6.0,
            "51674_12300272.JPG": 6.0,
            "52772_12010795.JPG": 6.0,
            "53591_I_00317b.JPG": 6.0,
            "54413_I_00213a.JPG": 6.0
        }
    },
    "iteration 2": {
        "acq_predictions": {
            "27331_11200533.JPG": [
                1.0570967066450975e-05,
                5.615167326880055e-08,
                6.4163259547058256e-06,
                5.4604157460858005e-08,
                7.311193285204354e-08,
                3.016016950994071e-08,
                0.9942565645217895,
                0.00012625811480684206
            ],
            "29458_11040893.JPG": [
                0.0061200700640678405,
                0.00012370141670107841,
                0.002256948474049568,
                0.00020256649106740953,
                0.00017178271152079106,
                0.00022844827994704245,
                0.1415214069366455,
                0.018975086307525636
            ],
            "29509_11280836.JPG": [
                2.212509877499542e-05,
                2.962197474153072e-06,
                3.755771681171609e-05,
                4.158095014281571e-06,
                5.822150771928136e-06,
                3.831058563628176e-06,
                0.1868688407421112,
                0.0001547165966767352
            ],
            "30086_I_00109a.JPG": [
                4.2705000001660664e-05,
                8.622419600328612e-07,
                6.93888885944034e-05,
                1.5853718596986256e-06,
                2.9076338890263287e-06,
                9.025667412174699e-07,
                0.9988809220969677,
                0.0009007365670753643
            ],
            "30149_I_00007b.JPG": [
                0.036351986550539735,
                0.017918603319860994,
                0.09935064915418625,
                0.014721661913674324,
                0.017100516392290592,
                0.01379890014063567,
                0.7236618861794472,
                0.0769957265071571
            ],
            "30392_I_00232b.JPG": [
                2.6235121485478885e-05,
                1.1045865930086052e-07,
                3.059501587449631e-05,
                3.6984271223161616e-08,
                9.908213913973896e-08,
                9.801000895350853e-08,
                0.9991028675973416,
                0.0007399953069747425
            ],
            "30462_I_00143b.JPG": [
                0.001447395022585988,
                4.91560810507508e-05,
                0.0008620095864578616,
                4.249202128048637e-05,
                5.301563058928877e-05,
                3.917412352966494e-05,
                0.7972932595074177,
                0.20011351893246174
            ],
            "41719_12210231.JPG": [
                3.399627684848383e-05,
                8.740076552669507e-07,
                0.00012077096449866076,
                9.871441320683516e-07,
                1.9948980813751406e-06,
                1.2301456813702316e-06,
                0.9988443285048008,
                0.0008958855601027608
            ],
            "41967_11160151.JPG": [
                0.0733954593859613,
                0.0649758564054966,
                0.1309477111235261,
                0.05507775906398892,
                0.05143382473178208,
                0.05233611901290715,
                0.42083545831739905,
                0.15089775981009007
            ],
            "52225_11140447.JPG": [
                0.01399532176880166,
                0.00011120066986768506,
                0.0016664177019149065,
                5.058261710000807e-05,
                9.539120813642512e-05,
                3.94289609776024e-05,
                0.8919661858677864,
                0.08177553477957845
            ],
            "54416_I_00296b.JPG": [
                0.06065691482461989,
                0.027282055764086544,
                0.06912598843798042,
                0.021043768354319037,
                0.025156576710753144,
                0.018471977103687823,
                0.544389878153801,
                0.2337727400779724
            ],
            "54524_I_00135c.JPG": [
                0.00035694852019078097,
                2.4203959618898808e-05,
                0.0001265403700293973,
                1.0472826915065524e-05,
                7.341597795220877e-06,
                5.971865035553492e-06,
                0.9708852081775665,
                0.025983335899934172
            ],
            "58631_I_00075a.JPG": [
                0.00160231524258852,
                0.0004995728362351655,
                0.0026307813614606856,
                0.00015527741583064197,
                0.00024436792898923157,
                0.00030208351872861386,
                0.08554704174995421,
                0.015418561172485351
            ],
            "58807_I_00188c.JPG": [
                0.014812115023098886,
                0.003282891090027988,
                0.006808776259515434,
                0.0026750531882280483,
                0.0019813733923947437,
                0.0019489507769001647,
                0.9304439912974835,
                0.037946798918768766
            ],
            "60525_I_00283b.JPG": [
                5.386888844368514e-05,
                4.801059677447483e-07,
                1.2158758630539523e-05,
                3.695507342854398e-07,
                3.0546157033768394e-07,
                1.2336491930682314e-07,
                0.028153216221928595,
                0.08687949261665344
            ],
            "90362_10260116.JPG": [
                0.24931017667651176,
                0.0014147297054179944,
                0.014031981282681226,
                0.001450908551272005,
                0.0015566926074097865,
                0.0015492424226598814,
                0.6059901246786118,
                0.12459612288996577
            ]
        },
        "acq_true_labels": {
            "54524_I_00135c.JPG": 6.0,
            "27331_11200533.JPG": 0.0,
            "29458_11040893.JPG": 0.0,
            "29509_11280836.JPG": 0.0,
            "30086_I_00109a.JPG": 6.0,
            "30149_I_00007b.JPG": 4.0,
            "30392_I_00232b.JPG": 1.0,
            "30462_I_00143b.JPG": 6.0,
            "41719_12210231.JPG": 7.0,
            "41967_11160151.JPG": 6.0,
            "52225_11140447.JPG": 2.0,
            "54416_I_00296b.JPG": 6.0,
            "58631_I_00075a.JPG": 0.0,
            "58807_I_00188c.JPG": 6.0,
            "60525_I_00283b.JPG": 7.0,
            "90362_10260116.JPG": 7.0
        }
    },
    "iteration 3": {
        "acq_predictions": {
            "23273_10190047.JPG": [
                0.0015524380982271395,
                0.008662753130123019,
                0.0017696679120417684,
                5.426139979826985e-05,
                0.034819274051114915,
                4.555949108544155e-05,
                0.9506921888172626,
                0.0017038801998831331
            ],
            "23334_11220859.JPG": [
                0.44554009634256364,
                0.012160034101177008,
                0.02092305866908282,
                0.0006355930207238999,
                0.05843719535171986,
                0.0007381929705908988,
                0.40864249128699304,
                0.052823371781408786
            ],