{
    "acc": 0.6697397978285287,
    "prec": 0.5100211119516771,
    "rec": 0.2259992543385179,
    "f1": 0.25310648204437064,
    "conf_empty": {
        "tnr": 0.2193419740777667,
        "tpr": 0.9946967836975202,
        "fnr": 0.005303216302479745,
        "fpr": 0.7806580259222333
    },
    "keras_metrics": {}
}