{
    "iteration 1": {
        "acc": 0.7333333333333333,
        "prec": 0.20874587458745875,
        "rec": 0.1732740943267259,
        "f1": 0.158195113251293,
        "conf_empty": {
            "tnr": 0.0,
            "tpr": 0.9805825242718447,
            "fnr": 0.019417475728155338,
            "fpr": 1.0
        },
        "keras_metrics": {}
    }
}