,ts,md_threshold,backbone,finetune_layers,f1,acc,prec,rec,empty_tnr,empty_tpr,empty_fnr,empty_fpr
0,202303091738,0.1,xception,0,0.7144387505782269,0.8316205533596838,0.8191181126994768,0.6657415963740054,0.708185053380783,0.9745934959349594,0.0254065040650406,0.2918149466192171
1,202303091738,0.3,xception,0,0.7350871871650057,0.8592885375494071,0.8425550241279947,0.6812688515778975,0.8576512455516014,0.9471544715447154,0.0528455284552845,0.1423487544483986
2,202303091738,0.5,xception,0,0.7430531404017897,0.8719367588932806,0.8427858878788134,0.6943757203701484,0.900355871886121,0.9522357723577236,0.0477642276422764,0.099644128113879
6,202303091738,0.7,xception,0,0.7523639591336733,0.8727272727272727,0.8618476825480994,0.6970353234850715,0.9110320284697508,0.9471544715447154,0.0528455284552845,0.0889679715302491
7,202303091738,0.1,xception,0,0.7144387505782269,0.8316205533596838,0.8191181126994768,0.6657415963740054,0.708185053380783,0.9745934959349594,0.02540650406504065,0.2918149466192171
8,202303091738,0.3,xception,0,0.7350871871650057,0.8592885375494071,0.8425550241279947,0.6812688515778975,0.8576512455516014,0.9471544715447154,0.052845528455284556,0.1423487544483986
9,202303091738,0.5,xception,0,0.7430531404017897,0.8719367588932806,0.8427858878788134,0.6943757203701484,0.900355871886121,0.9522357723577236,0.047764227642276426,0.099644128113879
10,202303091738,0.7,xception,0,0.7523639591336733,0.8727272727272727,0.8618476825480994,0.6970353234850715,0.9110320284697508,0.9471544715447154,0.052845528455284556,0.08896797153024912
11,202303091738,0.9,xception,0,0.7353448229926345,0.867193675889328,0.8408530232710718,0.6844776360188745,0.9466192170818505,0.9308943089430894,0.06910569105691057,0.05338078291814947
