{
    "acc": 0.15981012658227847,
    "prec": 0.14157934640095804,
    "rec": 0.13277449661084528,
    "f1": 0.08346714962595746,
    "conf_empty": {
        "tnr": 0.0,
        "tpr": 0.945859872611465,
        "fnr": 0.054140127388535034,
        "fpr": 1.0
    },
    "keras_metrics": {}
}