,ts,md_threshold,backbone,finetune_layers,f1,acc,prec,rec,empty_tnr,empty_tpr,empty_fnr,empty_fpr
0,202303091737,0.1,xception,0,0.7254547727896485,0.850592885375494,0.8071653870367106,0.6916724072317837,0.7722419928825622,0.9715447154471544,0.0284552845528455,0.2277580071174377
1,202303091737,0.3,xception,0,0.723064432293167,0.8616600790513834,0.7692201354523504,0.687966376024937,0.8612099644128114,0.9644308943089432,0.0355691056910569,0.1387900355871886
2,202303091737,0.5,xception,0,0.7621020144649053,0.8806324110671937,0.8689083436245781,0.7097848362017928,0.9039145907473308,0.951219512195122,0.048780487804878,0.096085409252669
6,202303091737,0.7,xception,0,0.7353964402402657,0.8632411067193676,0.8371808643357571,0.6872604588272262,0.8932384341637011,0.945121951219512,0.0548780487804878,0.1067615658362989
7,202303091737,0.1,xception,0,0.7254547727896485,0.850592885375494,0.8071653870367106,0.6916724072317837,0.7722419928825622,0.9715447154471545,0.028455284552845527,0.2277580071174377
8,202303091737,0.3,xception,0,0.723064432293167,0.8616600790513834,0.7692201354523504,0.687966376024937,0.8612099644128114,0.9644308943089431,0.03556910569105691,0.1387900355871886
9,202303091737,0.5,xception,0,0.7621020144649053,0.8806324110671937,0.8689083436245781,0.7097848362017928,0.9039145907473309,0.9512195121951219,0.04878048780487805,0.09608540925266904
10,202303091737,0.7,xception,0,0.7353964402402657,0.8632411067193676,0.8371808643357571,0.6872604588272262,0.8932384341637011,0.9451219512195121,0.054878048780487805,0.10676156583629894
11,202303091737,0.9,xception,0,0.7435296155828097,0.8719367588932806,0.8522620681766186,0.6913342987601279,0.9466192170818505,0.9359756097560976,0.06402439024390244,0.05338078291814947
