{
    "acc": 0.03164556962025317,
    "prec": 0.10312791239515377,
    "rec": 0.017833059210526317,
    "f1": 0.019894417241157144,
    "conf_empty": {
        "tnr": 0.0,
        "tpr": 0.732484076433121,
        "fnr": 0.267515923566879,
        "fpr": 1.0
    },
    "keras_metrics": {}
}