{
    "acc": 0.637785016286645,
    "prec": 0.15777311353515544,
    "rec": 0.1882777149321267,
    "f1": 0.1708804168300479,
    "conf_empty": {
        "tnr": 0.0,
        "tpr": 1.0,
        "fnr": 0.0,
        "fpr": 1.0
    },
    "keras_metrics": {}
}