{
    "acc": 0.21048034934497817,
    "prec": 0.13044477990249465,
    "rec": 0.28140560589602476,
    "f1": 0.0938311573776286,
    "conf_empty": {
        "tnr": 0.21428571428571427,
        "tpr": 0.8548387096774194,
        "fnr": 0.14516129032258066,
        "fpr": 0.7857142857142857
    },
    "keras_metrics": {}
}