{
    "acc": 0.10399159663865547,
    "prec": 0.16206066047587353,
    "rec": 0.11404550832695645,
    "f1": 0.06246833097244413,
    "conf_empty": {
        "tnr": 0.28205128205128205,
        "tpr": 0.749597855227882,
        "fnr": 0.250402144772118,
        "fpr": 0.717948717948718
    },
    "keras_metrics": {}
}