{
    "acc": 0.661035192811681,
    "prec": 0.5109457087492907,
    "rec": 0.2225863153883577,
    "f1": 0.2505667080800015,
    "conf_empty": {
        "tnr": 0.1415752741774676,
        "tpr": 0.9958752762091824,
        "fnr": 0.004124723790817579,
        "fpr": 0.8584247258225324
    },
    "keras_metrics": {}
}