,ts,md_threshold,backbone,finetune_layers,f1,acc,prec,rec,empty_tnr,empty_tpr,empty_fnr,empty_fpr
0,202303091736,0.1,xception,0,0.7309024234130277,0.8474308300395257,0.8296708384717153,0.6869683104160595,0.7366548042704626,0.9786585365853658,0.0213414634146341,0.2633451957295373
1,202303091736,0.3,xception,0,0.7464285900047279,0.8624505928853755,0.8415989309044165,0.7017580913922145,0.8505338078291815,0.9623983739837398,0.0376016260162601,0.1494661921708185
2,202303091736,0.5,xception,0,0.7317885182163886,0.857707509881423,0.8395299451890605,0.6782166533431013,0.8398576512455516,0.9532520325203252,0.0467479674796747,0.1601423487544484
6,202303091736,0.7,xception,0,0.7331186943243622,0.8616600790513834,0.8438366881612938,0.6770374293383116,0.9074733096085408,0.943089430894309,0.056910569105691,0.092526690391459
7,202303091736,0.1,xception,0,0.7309024234130277,0.8474308300395257,0.8296708384717153,0.6869683104160595,0.7366548042704626,0.9786585365853658,0.021341463414634148,0.26334519572953735
8,202303091736,0.3,xception,0,0.7464285900047279,0.8624505928853755,0.8415989309044165,0.7017580913922145,0.8505338078291815,0.9623983739837398,0.037601626016260166,0.1494661921708185
9,202303091736,0.5,xception,0,0.7317885182163886,0.857707509881423,0.8395299451890605,0.6782166533431013,0.8398576512455516,0.9532520325203252,0.046747967479674794,0.1601423487544484
10,202303091736,0.7,xception,0,0.7331186943243622,0.8616600790513834,0.8438366881612938,0.6770374293383116,0.9074733096085409,0.943089430894309,0.056910569105691054,0.09252669039145907
11,202303091736,0.9,xception,0,0.7480267150842899,0.8743083003952569,0.8614260595266844,0.6920539143969238,0.9359430604982206,0.9339430894308943,0.06605691056910569,0.06405693950177936
