,img_key,hard_label,prob_class_0,prob_class_1,prob_class_2,prob_class_3,prob_class_4,prob_class_5,prob_class_6,prob_class_7
0,10003_I_00226c.JPG_001,0,1.000000,0.000000,0.000000,0.000000,0.000000,0.000000,0.000000,0.000000
1,10000_I_00249b.JPG_001,6,0.000000,0.000000,0.000028,0.000047,0.000003,0.000000,0.999908,0.000013
2,10001_I_00058a.JPG_001,6,0.000000,0.000001,0.000055,0.001169,0.000038,0.000005,0.998471,0.000260
