,acc,prec,fone
0,0.8829637945551502,0.875970529711542,0.8767049238551868
