{
    "acc": 0.8438786971171846,
    "prec": 0.8483051407215478,
    "rec": 0.6355207260991511,
    "f1": 0.7124691779623425,
    "conf_empty": {
        "tnr": 0.7088733798604188,
        "tpr": 0.9986741959243801,
        "fnr": 0.0013258040756199362,
        "fpr": 0.29112662013958124
    },
    "keras_metrics": {}
}