{
    "iteration 1": {
        "acc": 0.13333333333333333,
        "prec": 0.13061224489795917,
        "rec": 0.07740129544640821,
        "f1": 0.05989974937343358,
        "conf_empty": {
            "tnr": 0.0,
            "tpr": 0.970873786407767,
            "fnr": 0.02912621359223301,
            "fpr": 1.0
        },
        "keras_metrics": {}
    }
}